Title, Price \m1 Pad Opuntia basilaris Beaver Tail,$ 11.99
2 inch assorted cactus 12 pack,$ 30.00
2 inch assorted cactus 16 pack,$ 40.00
2 inch assorted cactus 20 pack,$ 40.00
2 inch assorted cactus 20 pack,$ 40.00
2 inch assorted cactus 30 pack,$ 66.00
2 inch assorted cactus 4 pack,$ 14.99
2 inch assorted cactus 64 pack,$ 139.00
2 inch assorted cactus 9 pack,$ 26.00
Astrophytum capricorne goats horns,$ 9.99
Astrophytum mirostigma,$ 12.99
Astrophytum myriostigma var. nudum,$ 12.99
Astrophytum onzuka,$ 29.99
Buiningia brevicylindrica var. longispina,$ 10.99
Carnegiea Gigantean Saguaro,$ 9.99
Cephalocereus senilis,$ 14.99
Cereus aethiops,$ 14.99
Cereus forbesii crest Ming Thing,$ 14.99
Cereus forbesii monstrose ming thing,$ 9.99
Cereus peruvians monstrose,$ 9.50
Chamelobibia rose quartz,$ 9.99
Cleistocactus straussii silver torch,$ 9.99
Cylindropuntia cholla,$ 8.50
Cylindropuntia Imbricata cholla unrooted cuttings,$ 7.99
Disocactus arneispinus,$ 8.50
Disocactus crystallopfhilus,$ 8.25
Disocactus flageliformis rat 3 Cuttings,$ 12.99
Echinobivia Hybrid Rainbow Bursts,$ 12.99
Echinocactus grusonii from 3 to 10 inches Specimen,$ 9.99
Echinocactus grusonii from 3 to 10 inches Specimen,from $ 9.99
Echinocereus adustus,$ 8.50
Echinocereus armatus,$ 8.50
Echinocereus ferreirianus,$ 14.99
Echinocereus ingens,$ 12.99
Echinocereus knippelanius orcutt,$ 11.90
Echinocereus lauii,$ 9.25
Echinocereus morricalii,$ 9.25
Echinocereus pacificus,$ 9.99
Echinocereus pentalophus,$ 9.99
Echinocereus pulchellus weinbergii,$ 9.99
Echinocereus reichenbachii albispinus,$ 9.50
Echinocereus triglochidiatus,$ 11.99
Echinocereus viridiflorus davisii,$ 9.99
Echinocereus websterianus,$ 8.50
Echinocereus websterianus,$ 8.50
Echinofossulocactus zacatecasensis,$ 12.99
Echinopsis chamaecereus Peanut,$ 14.99
Echinopsis leucomalla cob cactus,$ 8.25
Echinopsis melanopotamica,$ 14.99
Echinopsis oxygona Easter Lily Cactus,$ 14.99
Echinopsis Sierra Grandensis,$ 11.99
Echinopsis subdenudata fuzzy navel,$ 7.50
Eriosyce oculta,$ 11.99
Espostoa melanostele,$ 8.75
Ferocactus chrysacanthus,$ 14.99
Ferocactus emoryi,$ 10.99
Ferocactus glaucescens inermis blue barrel,$ 19.99
Ferocactus hamatocactus hamatacanthus,$ 9.50
Ferocactus latispinus,$ 10.99
Ferocactus latispinus Devil's Tongue,$ 10.99
Ferocactus macrodiscus,$ 8.75
Frailea buenekeri,$ 8.50
Frailea castanea,$ 19.99
Frailea grahliana,$ 9.99
Frailea heliosa,$ 8.50
Frailea tenuissima albisetosa,$ 8.99
Gymnocalicium bruchii,$ 9.50
Gymnocalicium tucavocense damsii,$ 8.75
Gymnocalisium ragonesii,$ 10.99
Gymnocalycium andreae,$ 7.50
Gymnocalycium baldianum,$ 9.99
Gymnocalycium cardenasianum,$ 9.99
Gymnocalycium carolinense,$ 7.75
Gymnocalycium Cordobense chin,$ 9.99
Gymnocalycium damsii robores,$ 9.99
Gymnocalycium denudatum brasillense,$ 10.99
Gymnocalycium fleischerianum,$ 9.99
Gymnocalycium friedrichii,$ 8.25
Gymnocalycium horstii,$ 7.50
Gymnocalycium matznetteri,$ 9.50
